bin,frequency_ps^-1,mode,interpretation,mode_norm_squared,K_kJ_per_mol,K_over_expected,K_over_original_mean
0,0.0,1,real coordinate,0.9999999954278719,1.325818036579196,1.0630605227776386,1.064094252078006
0,0.0,2,real coordinate,1.0000000122468335,1.2295663669552834,0.9858844930437666,0.9868431922991109
0,0.0,3,real coordinate,1.0000000052289038,1.226310936105773,0.9832742473553028,0.9842304014338279
0,0.0,4,real coordinate,1.0000000123367663,1.1428423308666589,0.9163478785485358,0.917238958706835
0,0.0,5,real coordinate,1.0000000084238523,1.347249990130577,1.0802449662720952,1.0812954199273053
0,0.0,6,real coordinate,1.0000000081448315,1.2232814768442692,0.9808451792495845,0.9817989741201764
0,0.0,7,real coordinate,0.9999999905969574,1.1867044366042954,0.9515171841442468,0.9524424431305958
25,1.52587890625,1,real coordinate,1.0000000008795156,1.1808380960882174,0.9468134557429118,0.9477341505507203
25,1.52587890625,2,real coordinate,1.0000000110422023,1.340255535304342,1.0746367061391826,1.075681709017006
25,1.52587890625,3,real coordinate,1.0000000024866254,1.2509300207790253,1.0030141963461867,1.003989543163278
25,1.52587890625,4,real coordinate,0.9999999905992392,1.1946588132812281,0.9578951211108614,0.9588265820299475
25,1.52587890625,5,real coordinate,1.0000000082460776,1.242292869347503,0.9960887948174055,0.9970574130073755
25,1.52587890625,6,real coordinate,1.0000000002533285,1.2599516857894182,1.0102479030700817,1.0112302817992536
25,1.52587890625,7,real coordinate,1.0000000109228433,1.289317972929071,1.0337942155525552,1.034799502075365
