type,component,K_kJ_per_mol,K_over_expected
original,selected_atom_1_x,1.2449814269230854,0.9982445282739825
original,selected_atom_1_y,1.279296970748349,1.02575923902993
original,selected_atom_1_z,1.2764914885533842,1.0235097618973954
original,selected_atom_2_x,1.1599139650583496,0.9300361787321749
original,selected_atom_2_y,1.1713726143154977,0.9392238932434094
original,selected_atom_2_z,1.285276557013711,1.0305537597686787
original,selected_atom_3_x,1.3489760294576565,1.081628939242048
original,selected_atom_3_y,1.364114723837461,1.093767368380867
original,selected_atom_3_z,1.223602985032014,0.9811029772602228
original,selected_atom_4_x,1.3890591125528893,1.1137681483184894
original,selected_atom_4_y,1.2592343661999155,1.0096727458660155
original,selected_atom_4_z,1.2504912071218768,1.0026623515575226
original,selected_atom_5_x,1.0911898483512061,0.8749321651462703
original,selected_atom_5_y,1.1992633176496643,0.961587071834639
original,selected_atom_5_z,1.282732086265665,1.028513565476088
original,selected_atom_6_x,1.1576713960985694,0.9282380537602142
original,selected_atom_6_y,1.2342533662346211,0.9896426104865677
original,selected_atom_6_z,1.2591765619432624,1.0096263975577862
original,selected_atom_7_x,1.2383188748707388,0.9929023954623847
original,selected_atom_7_y,1.183995106137804,0.949344793943062
original,selected_atom_7_z,1.2193776163792178,0.9777150141578184
original,selected_atom_8_x,1.2370593963784162,0.9918925269725816
original,selected_atom_8_y,1.3028595997786385,1.0446521036081333
original,selected_atom_8_z,1.3169966485645082,1.0559873984898525
original,selected_atom_9_x,1.263777187023581,1.013315246815898
original,selected_atom_9_y,1.2801987035616784,1.0264822617412774
original,selected_atom_9_z,1.332478751615624,1.0684011777822444
original,selected_atom_10_x,1.5355382218054974,1.2312172653541096
original,selected_atom_10_y,1.4060070556722586,1.127357259865496
original,selected_atom_10_z,1.521647734234545,1.2200796669025162
original,selected_atom_11_x,1.2319016809486434,0.9877569944298273
original,selected_atom_11_y,1.2281981736490677,0.9847874674816534
original,selected_atom_11_z,1.151866918442085,0.9235839376948891
original,selected_atom_12_x,1.2223993603619436,0.9801378931914887
original,selected_atom_12_y,1.282828079983803,1.0285905346595694
original,selected_atom_12_z,1.1348242696577677,0.9099188897445062
original,selected_atom_13_x,1.3183742357313557,1.0570919682623707
original,selected_atom_13_y,1.2929681368767267,1.0367209823038885
original,selected_atom_13_z,1.2772363273010112,1.0241069846255308
original,selected_atom_14_x,1.3845410564386575,1.1101455040790382
original,selected_atom_14_y,1.342598008986501,1.0765149480620464
original,selected_atom_14_z,1.3380268783975264,1.072849747923481
original,selected_atom_15_x,1.1995981430181675,0.9618555397690255
original,selected_atom_15_y,1.3250442404254408,1.0624400767123803
original,selected_atom_15_z,1.3656638014767164,1.0950094417514555
original,selected_atom_16_x,1.1904789154483,0.9545436081796493
original,selected_atom_16_y,1.2332639026696308,0.988849243960515
original,selected_atom_16_z,1.234463222768945,0.9898108765607283
original,selected_atom_17_x,1.2033448702434306,0.9648597210930776
original,selected_atom_17_y,1.1911693814748578,0.9550972340555581
original,selected_atom_17_z,1.1959094119507128,0.9588978606223884
original,selected_atom_18_x,1.205237578285935,0.9663773224051869
original,selected_atom_18_y,1.1960225329529952,0.9589885627157043
original,selected_atom_18_z,1.2123933272919651,0.9721149078313612
original,selected_atom_19_x,1.20481755986489,0.9660405454207955
original,selected_atom_19_y,1.1626875911042749,0.9322601131330807
original,selected_atom_19_z,1.1764620803978405,0.9433047024496086
original,selected_atom_20_x,1.197506043181751,0.9601780631664492
original,selected_atom_20_y,1.127608145312184,0.9041328944777923
original,selected_atom_20_z,1.1812935629942525,0.9471786566797846
original,selected_atom_21_x,1.1308131693615098,0.9067027301805892
original,selected_atom_21_y,1.135951578609709,0.9108227827413125
original,selected_atom_21_z,1.1401225239314006,0.9141671084116149
original,selected_atom_22_x,1.1638917801355448,0.9332256497149747
original,selected_atom_22_y,1.1631123036222981,0.9326006539138809
original,selected_atom_22_z,1.1753363268552866,0.9424020566030622
whole_selection_COM,x,1.1322612692134097,0.9078638380672556
whole_selection_COM,y,1.2407564631041403,0.9948568897733495
whole_selection_COM,z,1.1935521501023665,0.9570077731954327
